[
  {
    "request": {
      "method": "PATCH",
      "url": "/api/resource",
      "timestamp_start": 1744287869.87,
      "headers": {
        "host": "localhost:5000",
        "connection": "keep-alive",
        "content-length": "27",
        "sec-ch-ua": "\"Chromium\";v=\"92\", \" Not A;Brand\";v=\"99\", \"Microsoft Edge\";v=\"92\"",
        "accept": "application/json, text/plain, */*",
        "sec-ch-ua-mobile": "?0",
        "user-agent": "Mozilla/5.0 (Windows NT 10.0; Win64; x64) AppleWebKit/537.36 (KHTML, like Gecko) Chrome/92.0.4515.131 Safari/537.36 Edg/92.0.902.67",
        "content-type": "application/json",
        "origin": "http://localhost:3000",
        "sec-fetch-site": "same-site",
        "sec-fetch-mode": "cors",
        "sec-fetch-dest": "empty",
        "referer": "http://localhost:3000/",
        "accept-encoding": "gzip, deflate, br",
        "accept-language": "en-US,en;q=0.9"
      },
      "body": {
        "name": "Patched Resource"
      }
    },
    "response": {
      "status": 200,
      "headers": {
        "x-powered-by": "Express",
        "access-control-allow-origin": "*",
        "content-type": "application/json; charset=utf-8"
      },
      "body": "{\"message\":\"Resource updated (PATCH)\",\"resource\":{\"id\":1,\"name\":\"Patched Resource\"}}",
      "timestamp_end": 1744287869.871
    }
  },
  {
    "request": {
      "method": "PUT",
      "url": "/api/resource",
      "timestamp_start": 1744287870.26,
      "headers": {
        "host": "localhost:5000",
        "connection": "keep-alive",
        "content-length": "40",
        "sec-ch-ua": "\"Chromium\";v=\"92\", \" Not A;Brand\";v=\"99\", \"Microsoft Edge\";v=\"92\"",
        "accept": "application/json, text/plain, */*",
        "sec-ch-ua-mobile": "?0",
        "user-agent": "Mozilla/5.0 (Windows NT 10.0; Win64; x64) AppleWebKit/537.36 (KHTML, like Gecko) Chrome/92.0.4515.131 Safari/537.36 Edg/92.0.902.67",
        "content-type": "application/json",
        "origin": "http://localhost:3000",
        "sec-fetch-site": "same-site",
        "sec-fetch-mode": "cors",
        "sec-fetch-dest": "empty",
        "referer": "http://localhost:3000/",
        "accept-encoding": "gzip, deflate, br",
        "accept-language": "en-US,en;q=0.9"
      },
      "body": {
        "id": 1,
        "name": "Updated Resource (PUT)"
      }
    },
    "response": {
      "status": 200,
      "headers": {
        "x-powered-by": "Express",
        "access-control-allow-origin": "*",
        "content-type": "application/json; charset=utf-8"
      },
      "body": "{\"message\":\"Resource updated (PUT)\",\"resource\":{\"id\":1,\"name\":\"Updated Resource (PUT)\"}}",
      "timestamp_end": 1744287870.26
    }
  },
  {
    "request": {
      "method": "POST",
      "url": "/api/resource",
      "timestamp_start": 1744287870.675,
      "headers": {
        "host": "localhost:5000",
        "connection": "keep-alive",
        "content-length": "23",
        "sec-ch-ua": "\"Chromium\";v=\"92\", \" Not A;Brand\";v=\"99\", \"Microsoft Edge\";v=\"92\"",
        "accept": "application/json, text/plain, */*",
        "sec-ch-ua-mobile": "?0",
        "user-agent": "Mozilla/5.0 (Windows NT 10.0; Win64; x64) AppleWebKit/537.36 (KHTML, like Gecko) Chrome/92.0.4515.131 Safari/537.36 Edg/92.0.902.67",
        "content-type": "application/json",
        "origin": "http://localhost:3000",
        "sec-fetch-site": "same-site",
        "sec-fetch-mode": "cors",
        "sec-fetch-dest": "empty",
        "referer": "http://localhost:3000/",
        "accept-encoding": "gzip, deflate, br",
        "accept-language": "en-US,en;q=0.9"
      },
      "body": {
        "name": "New Resource"
      }
    },
    "response": {
      "status": 201,
      "headers": {
        "x-powered-by": "Express",
        "access-control-allow-origin": "*",
        "content-type": "application/json; charset=utf-8"
      },
      "body": "{\"message\":\"Resource created\",\"resource\":{\"id\":1,\"name\":\"New Resource\"}}",
      "timestamp_end": 1744287870.675
    }
  },
  {
    "request": {
      "method": "GET",
      "url": "/api/resource",
      "timestamp_start": 1744287871.148,
      "headers": {
        "host": "localhost:5000",
        "connection": "keep-alive",
        "sec-ch-ua": "\"Chromium\";v=\"92\", \" Not A;Brand\";v=\"99\", \"Microsoft Edge\";v=\"92\"",
        "accept": "application/json, text/plain, */*",
        "sec-ch-ua-mobile": "?0",
        "user-agent": "Mozilla/5.0 (Windows NT 10.0; Win64; x64) AppleWebKit/537.36 (KHTML, like Gecko) Chrome/92.0.4515.131 Safari/537.36 Edg/92.0.902.67",
        "origin": "http://localhost:3000",
        "sec-fetch-site": "same-site",
        "sec-fetch-mode": "cors",
        "sec-fetch-dest": "empty",
        "referer": "http://localhost:3000/",
        "accept-encoding": "gzip, deflate, br",
        "accept-language": "en-US,en;q=0.9"
      },
      "body": {}
    },
    "response": {
      "status": 200,
      "headers": {
        "x-powered-by": "Express",
        "access-control-allow-origin": "*",
        "content-type": "application/json; charset=utf-8"
      },
      "body": "{\"id\":1,\"name\":\"New Resource\"}",
      "timestamp_end": 1744287871.148
    }
  },
  {
    "request": {
      "method": "GET",
      "url": "/api/resource",
      "timestamp_start": 1744287871.867,
      "headers": {
        "host": "localhost:5000",
        "connection": "keep-alive",
        "sec-ch-ua": "\"Chromium\";v=\"92\", \" Not A;Brand\";v=\"99\", \"Microsoft Edge\";v=\"92\"",
        "accept": "application/json, text/plain, */*",
        "sec-ch-ua-mobile": "?0",
        "user-agent": "Mozilla/5.0 (Windows NT 10.0; Win64; x64) AppleWebKit/537.36 (KHTML, like Gecko) Chrome/92.0.4515.131 Safari/537.36 Edg/92.0.902.67",
        "origin": "http://localhost:3000",
        "sec-fetch-site": "same-site",
        "sec-fetch-mode": "cors",
        "sec-fetch-dest": "empty",
        "referer": "http://localhost:3000/",
        "accept-encoding": "gzip, deflate, br",
        "accept-language": "en-US,en;q=0.9",
        "if-none-match": "W/\"1e-TL8MnEdj4kongcya1RJKZZEiP3A\""
      },
      "body": {}
    },
    "response": {
      "status": 200,
      "headers": {
        "x-powered-by": "Express",
        "access-control-allow-origin": "*",
        "content-type": "application/json; charset=utf-8"
      },
      "body": "{\"id\":1,\"name\":\"New Resource\"}",
      "timestamp_end": 1744287871.867
    }
  },
  {
    "request": {
      "method": "POST",
      "url": "/api/resource",
      "timestamp_start": 1744287872.362,
      "headers": {
        "host": "localhost:5000",
        "connection": "keep-alive",
        "content-length": "23",
        "sec-ch-ua": "\"Chromium\";v=\"92\", \" Not A;Brand\";v=\"99\", \"Microsoft Edge\";v=\"92\"",
        "accept": "application/json, text/plain, */*",
        "sec-ch-ua-mobile": "?0",
        "user-agent": "Mozilla/5.0 (Windows NT 10.0; Win64; x64) AppleWebKit/537.36 (KHTML, like Gecko) Chrome/92.0.4515.131 Safari/537.36 Edg/92.0.902.67",
        "content-type": "application/json",
        "origin": "http://localhost:3000",
        "sec-fetch-site": "same-site",
        "sec-fetch-mode": "cors",
        "sec-fetch-dest": "empty",
        "referer": "http://localhost:3000/",
        "accept-encoding": "gzip, deflate, br",
        "accept-language": "en-US,en;q=0.9"
      },
      "body": {
        "name": "New Resource"
      }
    },
    "response": {
      "status": 201,
      "headers": {
        "x-powered-by": "Express",
        "access-control-allow-origin": "*",
        "content-type": "application/json; charset=utf-8"
      },
      "body": "{\"message\":\"Resource created\",\"resource\":{\"id\":1,\"name\":\"New Resource\"}}",
      "timestamp_end": 1744287872.362
    }
  },
  {
    "request": {
      "method": "PUT",
      "url": "/api/resource",
      "timestamp_start": 1744287872.708,
      "headers": {
        "host": "localhost:5000",
        "connection": "keep-alive",
        "content-length": "40",
        "sec-ch-ua": "\"Chromium\";v=\"92\", \" Not A;Brand\";v=\"99\", \"Microsoft Edge\";v=\"92\"",
        "accept": "application/json, text/plain, */*",
        "sec-ch-ua-mobile": "?0",
        "user-agent": "Mozilla/5.0 (Windows NT 10.0; Win64; x64) AppleWebKit/537.36 (KHTML, like Gecko) Chrome/92.0.4515.131 Safari/537.36 Edg/92.0.902.67",
        "content-type": "application/json",
        "origin": "http://localhost:3000",
        "sec-fetch-site": "same-site",
        "sec-fetch-mode": "cors",
        "sec-fetch-dest": "empty",
        "referer": "http://localhost:3000/",
        "accept-encoding": "gzip, deflate, br",
        "accept-language": "en-US,en;q=0.9"
      },
      "body": {
        "id": 1,
        "name": "Updated Resource (PUT)"
      }
    },
    "response": {
      "status": 200,
      "headers": {
        "x-powered-by": "Express",
        "access-control-allow-origin": "*",
        "content-type": "application/json; charset=utf-8"
      },
      "body": "{\"message\":\"Resource updated (PUT)\",\"resource\":{\"id\":1,\"name\":\"Updated Resource (PUT)\"}}",
      "timestamp_end": 1744287872.708
    }
  },
  {
    "request": {
      "method": "PATCH",
      "url": "/api/resource",
      "timestamp_start": 1744287873.069,
      "headers": {
        "host": "localhost:5000",
        "connection": "keep-alive",
        "content-length": "27",
        "sec-ch-ua": "\"Chromium\";v=\"92\", \" Not A;Brand\";v=\"99\", \"Microsoft Edge\";v=\"92\"",
        "accept": "application/json, text/plain, */*",
        "sec-ch-ua-mobile": "?0",
        "user-agent": "Mozilla/5.0 (Windows NT 10.0; Win64; x64) AppleWebKit/537.36 (KHTML, like Gecko) Chrome/92.0.4515.131 Safari/537.36 Edg/92.0.902.67",
        "content-type": "application/json",
        "origin": "http://localhost:3000",
        "sec-fetch-site": "same-site",
        "sec-fetch-mode": "cors",
        "sec-fetch-dest": "empty",
        "referer": "http://localhost:3000/",
        "accept-encoding": "gzip, deflate, br",
        "accept-language": "en-US,en;q=0.9"
      },
      "body": {
        "name": "Patched Resource"
      }
    },
    "response": {
      "status": 200,
      "headers": {
        "x-powered-by": "Express",
        "access-control-allow-origin": "*",
        "content-type": "application/json; charset=utf-8"
      },
      "body": "{\"message\":\"Resource updated (PATCH)\",\"resource\":{\"id\":1,\"name\":\"Patched Resource\"}}",
      "timestamp_end": 1744287873.069
    }
  },
  {
    "request": {
      "method": "DELETE",
      "url": "/api/resource",
      "timestamp_start": 1744287873.394,
      "headers": {
        "host": "localhost:5000",
        "connection": "keep-alive",
        "sec-ch-ua": "\"Chromium\";v=\"92\", \" Not A;Brand\";v=\"99\", \"Microsoft Edge\";v=\"92\"",
        "accept": "application/json, text/plain, */*",
        "sec-ch-ua-mobile": "?0",
        "user-agent": "Mozilla/5.0 (Windows NT 10.0; Win64; x64) AppleWebKit/537.36 (KHTML, like Gecko) Chrome/92.0.4515.131 Safari/537.36 Edg/92.0.902.67",
        "origin": "http://localhost:3000",
        "sec-fetch-site": "same-site",
        "sec-fetch-mode": "cors",
        "sec-fetch-dest": "empty",
        "referer": "http://localhost:3000/",
        "accept-encoding": "gzip, deflate, br",
        "accept-language": "en-US,en;q=0.9"
      },
      "body": {}
    },
    "response": {
      "status": 200,
      "headers": {
        "x-powered-by": "Express",
        "access-control-allow-origin": "*",
        "content-type": "application/json; charset=utf-8"
      },
      "body": "{\"message\":\"Resource deleted\"}",
      "timestamp_end": 1744287873.394
    }
  },
  {
    "request": {
      "method": "PATCH",
      "url": "/api/resource",
      "timestamp_start": 1744287873.739,
      "headers": {
        "host": "localhost:5000",
        "connection": "keep-alive",
        "content-length": "27",
        "sec-ch-ua": "\"Chromium\";v=\"92\", \" Not A;Brand\";v=\"99\", \"Microsoft Edge\";v=\"92\"",
        "accept": "application/json, text/plain, */*",
        "sec-ch-ua-mobile": "?0",
        "user-agent": "Mozilla/5.0 (Windows NT 10.0; Win64; x64) AppleWebKit/537.36 (KHTML, like Gecko) Chrome/92.0.4515.131 Safari/537.36 Edg/92.0.902.67",
        "content-type": "application/json",
        "origin": "http://localhost:3000",
        "sec-fetch-site": "same-site",
        "sec-fetch-mode": "cors",
        "sec-fetch-dest": "empty",
        "referer": "http://localhost:3000/",
        "accept-encoding": "gzip, deflate, br",
        "accept-language": "en-US,en;q=0.9"
      },
      "body": {
        "name": "Patched Resource"
      }
    },
    "response": {
      "status": 200,
      "headers": {
        "x-powered-by": "Express",
        "access-control-allow-origin": "*",
        "content-type": "application/json; charset=utf-8"
      },
      "body": "{\"message\":\"Resource updated (PATCH)\",\"resource\":{\"name\":\"Patched Resource\"}}",
      "timestamp_end": 1744287873.739
    }
  },
  {
    "request": {
      "method": "PUT",
      "url": "/api/resource",
      "timestamp_start": 1744287874.139,
      "headers": {
        "host": "localhost:5000",
        "connection": "keep-alive",
        "content-length": "40",
        "sec-ch-ua": "\"Chromium\";v=\"92\", \" Not A;Brand\";v=\"99\", \"Microsoft Edge\";v=\"92\"",
        "accept": "application/json, text/plain, */*",
        "sec-ch-ua-mobile": "?0",
        "user-agent": "Mozilla/5.0 (Windows NT 10.0; Win64; x64) AppleWebKit/537.36 (KHTML, like Gecko) Chrome/92.0.4515.131 Safari/537.36 Edg/92.0.902.67",
        "content-type": "application/json",
        "origin": "http://localhost:3000",
        "sec-fetch-site": "same-site",
        "sec-fetch-mode": "cors",
        "sec-fetch-dest": "empty",
        "referer": "http://localhost:3000/",
        "accept-encoding": "gzip, deflate, br",
        "accept-language": "en-US,en;q=0.9"
      },
      "body": {
        "id": 1,
        "name": "Updated Resource (PUT)"
      }
    },
    "response": {
      "status": 200,
      "headers": {
        "x-powered-by": "Express",
        "access-control-allow-origin": "*",
        "content-type": "application/json; charset=utf-8"
      },
      "body": "{\"message\":\"Resource updated (PUT)\",\"resource\":{\"id\":1,\"name\":\"Updated Resource (PUT)\"}}",
      "timestamp_end": 1744287874.139
    }
  },
  {
    "request": {
      "method": "POST",
      "url": "/api/resource",
      "timestamp_start": 1744287874.428,
      "headers": {
        "host": "localhost:5000",
        "connection": "keep-alive",
        "content-length": "23",
        "sec-ch-ua": "\"Chromium\";v=\"92\", \" Not A;Brand\";v=\"99\", \"Microsoft Edge\";v=\"92\"",
        "accept": "application/json, text/plain, */*",
        "sec-ch-ua-mobile": "?0",
        "user-agent": "Mozilla/5.0 (Windows NT 10.0; Win64; x64) AppleWebKit/537.36 (KHTML, like Gecko) Chrome/92.0.4515.131 Safari/537.36 Edg/92.0.902.67",
        "content-type": "application/json",
        "origin": "http://localhost:3000",
        "sec-fetch-site": "same-site",
        "sec-fetch-mode": "cors",
        "sec-fetch-dest": "empty",
        "referer": "http://localhost:3000/",
        "accept-encoding": "gzip, deflate, br",
        "accept-language": "en-US,en;q=0.9"
      },
      "body": {
        "name": "New Resource"
      }
    },
    "response": {
      "status": 201,
      "headers": {
        "x-powered-by": "Express",
        "access-control-allow-origin": "*",
        "content-type": "application/json; charset=utf-8"
      },
      "body": "{\"message\":\"Resource created\",\"resource\":{\"id\":1,\"name\":\"New Resource\"}}",
      "timestamp_end": 1744287874.428
    }
  },
  {
    "request": {
      "method": "GET",
      "url": "/api/resource",
      "timestamp_start": 1744287874.858,
      "headers": {
        "host": "localhost:5000",
        "connection": "keep-alive",
        "sec-ch-ua": "\"Chromium\";v=\"92\", \" Not A;Brand\";v=\"99\", \"Microsoft Edge\";v=\"92\"",
        "accept": "application/json, text/plain, */*",
        "sec-ch-ua-mobile": "?0",
        "user-agent": "Mozilla/5.0 (Windows NT 10.0; Win64; x64) AppleWebKit/537.36 (KHTML, like Gecko) Chrome/92.0.4515.131 Safari/537.36 Edg/92.0.902.67",
        "origin": "http://localhost:3000",
        "sec-fetch-site": "same-site",
        "sec-fetch-mode": "cors",
        "sec-fetch-dest": "empty",
        "referer": "http://localhost:3000/",
        "accept-encoding": "gzip, deflate, br",
        "accept-language": "en-US,en;q=0.9"
      },
      "body": {}
    },
    "response": {
      "status": 200,
      "headers": {
        "x-powered-by": "Express",
        "access-control-allow-origin": "*",
        "content-type": "application/json; charset=utf-8"
      },
      "body": "{\"id\":1,\"name\":\"New Resource\"}",
      "timestamp_end": 1744287874.858
    }
  },
  {
    "request": {
      "method": "GET",
      "url": "/api/resource",
      "timestamp_start": 1744287875.051,
      "headers": {
        "host": "localhost:5000",
        "connection": "keep-alive",
        "sec-ch-ua": "\"Chromium\";v=\"92\", \" Not A;Brand\";v=\"99\", \"Microsoft Edge\";v=\"92\"",
        "accept": "application/json, text/plain, */*",
        "sec-ch-ua-mobile": "?0",
        "user-agent": "Mozilla/5.0 (Windows NT 10.0; Win64; x64) AppleWebKit/537.36 (KHTML, like Gecko) Chrome/92.0.4515.131 Safari/537.36 Edg/92.0.902.67",
        "origin": "http://localhost:3000",
        "sec-fetch-site": "same-site",
        "sec-fetch-mode": "cors",
        "sec-fetch-dest": "empty",
        "referer": "http://localhost:3000/",
        "accept-encoding": "gzip, deflate, br",
        "accept-language": "en-US,en;q=0.9",
        "if-none-match": "W/\"1e-TL8MnEdj4kongcya1RJKZZEiP3A\""
      },
      "body": {}
    },
    "response": {
      "status": 200,
      "headers": {
        "x-powered-by": "Express",
        "access-control-allow-origin": "*",
        "content-type": "application/json; charset=utf-8"
      },
      "body": "{\"id\":1,\"name\":\"New Resource\"}",
      "timestamp_end": 1744287875.051
    }
  },
  {
    "request": {
      "method": "POST",
      "url": "/api/resource",
      "timestamp_start": 1744287875.292,
      "headers": {
        "host": "localhost:5000",
        "connection": "keep-alive",
        "content-length": "23",
        "sec-ch-ua": "\"Chromium\";v=\"92\", \" Not A;Brand\";v=\"99\", \"Microsoft Edge\";v=\"92\"",
        "accept": "application/json, text/plain, */*",
        "sec-ch-ua-mobile": "?0",
        "user-agent": "Mozilla/5.0 (Windows NT 10.0; Win64; x64) AppleWebKit/537.36 (KHTML, like Gecko) Chrome/92.0.4515.131 Safari/537.36 Edg/92.0.902.67",
        "content-type": "application/json",
        "origin": "http://localhost:3000",
        "sec-fetch-site": "same-site",
        "sec-fetch-mode": "cors",
        "sec-fetch-dest": "empty",
        "referer": "http://localhost:3000/",
        "accept-encoding": "gzip, deflate, br",
        "accept-language": "en-US,en;q=0.9"
      },
      "body": {
        "name": "New Resource"
      }
    },
    "response": {
      "status": 201,
      "headers": {
        "x-powered-by": "Express",
        "access-control-allow-origin": "*",
        "content-type": "application/json; charset=utf-8"
      },
      "body": "{\"message\":\"Resource created\",\"resource\":{\"id\":1,\"name\":\"New Resource\"}}",
      "timestamp_end": 1744287875.292
    }
  },
  {
    "request": {
      "method": "PUT",
      "url": "/api/resource",
      "timestamp_start": 1744287875.748,
      "headers": {
        "host": "localhost:5000",
        "connection": "keep-alive",
        "content-length": "40",
        "sec-ch-ua": "\"Chromium\";v=\"92\", \" Not A;Brand\";v=\"99\", \"Microsoft Edge\";v=\"92\"",
        "accept": "application/json, text/plain, */*",
        "sec-ch-ua-mobile": "?0",
        "user-agent": "Mozilla/5.0 (Windows NT 10.0; Win64; x64) AppleWebKit/537.36 (KHTML, like Gecko) Chrome/92.0.4515.131 Safari/537.36 Edg/92.0.902.67",
        "content-type": "application/json",
        "origin": "http://localhost:3000",
        "sec-fetch-site": "same-site",
        "sec-fetch-mode": "cors",
        "sec-fetch-dest": "empty",
        "referer": "http://localhost:3000/",
        "accept-encoding": "gzip, deflate, br",
        "accept-language": "en-US,en;q=0.9"
      },
      "body": {
        "id": 1,
        "name": "Updated Resource (PUT)"
      }
    },
    "response": {
      "status": 200,
      "headers": {
        "x-powered-by": "Express",
        "access-control-allow-origin": "*",
        "content-type": "application/json; charset=utf-8"
      },
      "body": "{\"message\":\"Resource updated (PUT)\",\"resource\":{\"id\":1,\"name\":\"Updated Resource (PUT)\"}}",
      "timestamp_end": 1744287875.748
    }
  },
  {
    "request": {
      "method": "PUT",
      "url": "/api/resource",
      "timestamp_start": 1744287875.923,
      "headers": {
        "host": "localhost:5000",
        "connection": "keep-alive",
        "content-length": "40",
        "sec-ch-ua": "\"Chromium\";v=\"92\", \" Not A;Brand\";v=\"99\", \"Microsoft Edge\";v=\"92\"",
        "accept": "application/json, text/plain, */*",
        "sec-ch-ua-mobile": "?0",
        "user-agent": "Mozilla/5.0 (Windows NT 10.0; Win64; x64) AppleWebKit/537.36 (KHTML, like Gecko) Chrome/92.0.4515.131 Safari/537.36 Edg/92.0.902.67",
        "content-type": "application/json",
        "origin": "http://localhost:3000",
        "sec-fetch-site": "same-site",
        "sec-fetch-mode": "cors",
        "sec-fetch-dest": "empty",
        "referer": "http://localhost:3000/",
        "accept-encoding": "gzip, deflate, br",
        "accept-language": "en-US,en;q=0.9"
      },
      "body": {
        "id": 1,
        "name": "Updated Resource (PUT)"
      }
    },
    "response": {
      "status": 200,
      "headers": {
        "x-powered-by": "Express",
        "access-control-allow-origin": "*",
        "content-type": "application/json; charset=utf-8"
      },
      "body": "{\"message\":\"Resource updated (PUT)\",\"resource\":{\"id\":1,\"name\":\"Updated Resource (PUT)\"}}",
      "timestamp_end": 1744287875.923
    }
  },
  {
    "request": {
      "method": "PATCH",
      "url": "/api/resource",
      "timestamp_start": 1744287876.283,
      "headers": {
        "host": "localhost:5000",
        "connection": "keep-alive",
        "content-length": "27",
        "sec-ch-ua": "\"Chromium\";v=\"92\", \" Not A;Brand\";v=\"99\", \"Microsoft Edge\";v=\"92\"",
        "accept": "application/json, text/plain, */*",
        "sec-ch-ua-mobile": "?0",
        "user-agent": "Mozilla/5.0 (Windows NT 10.0; Win64; x64) AppleWebKit/537.36 (KHTML, like Gecko) Chrome/92.0.4515.131 Safari/537.36 Edg/92.0.902.67",
        "content-type": "application/json",
        "origin": "http://localhost:3000",
        "sec-fetch-site": "same-site",
        "sec-fetch-mode": "cors",
        "sec-fetch-dest": "empty",
        "referer": "http://localhost:3000/",
        "accept-encoding": "gzip, deflate, br",
        "accept-language": "en-US,en;q=0.9"
      },
      "body": {
        "name": "Patched Resource"
      }
    },
    "response": {
      "status": 200,
      "headers": {
        "x-powered-by": "Express",
        "access-control-allow-origin": "*",
        "content-type": "application/json; charset=utf-8"
      },
      "body": "{\"message\":\"Resource updated (PATCH)\",\"resource\":{\"id\":1,\"name\":\"Patched Resource\"}}",
      "timestamp_end": 1744287876.283
    }
  },
  {
    "request": {
      "method": "DELETE",
      "url": "/api/resource",
      "timestamp_start": 1744287876.603,
      "headers": {
        "host": "localhost:5000",
        "connection": "keep-alive",
        "sec-ch-ua": "\"Chromium\";v=\"92\", \" Not A;Brand\";v=\"99\", \"Microsoft Edge\";v=\"92\"",
        "accept": "application/json, text/plain, */*",
        "sec-ch-ua-mobile": "?0",
        "user-agent": "Mozilla/5.0 (Windows NT 10.0; Win64; x64) AppleWebKit/537.36 (KHTML, like Gecko) Chrome/92.0.4515.131 Safari/537.36 Edg/92.0.902.67",
        "origin": "http://localhost:3000",
        "sec-fetch-site": "same-site",
        "sec-fetch-mode": "cors",
        "sec-fetch-dest": "empty",
        "referer": "http://localhost:3000/",
        "accept-encoding": "gzip, deflate, br",
        "accept-language": "en-US,en;q=0.9"
      },
      "body": {}
    },
    "response": {
      "status": 200,
      "headers": {
        "x-powered-by": "Express",
        "access-control-allow-origin": "*",
        "content-type": "application/json; charset=utf-8"
      },
      "body": "{\"message\":\"Resource deleted\"}",
      "timestamp_end": 1744287876.603
    }
  },
  {
    "request": {
      "method": "PUT",
      "url": "/api/resource",
      "timestamp_start": 1744287877.107,
      "headers": {
        "host": "localhost:5000",
        "connection": "keep-alive",
        "content-length": "40",
        "sec-ch-ua": "\"Chromium\";v=\"92\", \" Not A;Brand\";v=\"99\", \"Microsoft Edge\";v=\"92\"",
        "accept": "application/json, text/plain, */*",
        "sec-ch-ua-mobile": "?0",
        "user-agent": "Mozilla/5.0 (Windows NT 10.0; Win64; x64) AppleWebKit/537.36 (KHTML, like Gecko) Chrome/92.0.4515.131 Safari/537.36 Edg/92.0.902.67",
        "content-type": "application/json",
        "origin": "http://localhost:3000",
        "sec-fetch-site": "same-site",
        "sec-fetch-mode": "cors",
        "sec-fetch-dest": "empty",
        "referer": "http://localhost:3000/",
        "accept-encoding": "gzip, deflate, br",
        "accept-language": "en-US,en;q=0.9"
      },
      "body": {
        "id": 1,
        "name": "Updated Resource (PUT)"
      }
    },
    "response": {
      "status": 200,
      "headers": {
        "x-powered-by": "Express",
        "access-control-allow-origin": "*",
        "content-type": "application/json; charset=utf-8"
      },
      "body": "{\"message\":\"Resource updated (PUT)\",\"resource\":{\"id\":1,\"name\":\"Updated Resource (PUT)\"}}",
      "timestamp_end": 1744287877.107
    }
  },
  {
    "request": {
      "method": "PATCH",
      "url": "/api/resource",
      "timestamp_start": 1744287878.539,
      "headers": {
        "host": "localhost:5000",
        "connection": "keep-alive",
        "content-length": "27",
        "sec-ch-ua": "\"Chromium\";v=\"92\", \" Not A;Brand\";v=\"99\", \"Microsoft Edge\";v=\"92\"",
        "accept": "application/json, text/plain, */*",
        "sec-ch-ua-mobile": "?0",
        "user-agent": "Mozilla/5.0 (Windows NT 10.0; Win64; x64) AppleWebKit/537.36 (KHTML, like Gecko) Chrome/92.0.4515.131 Safari/537.36 Edg/92.0.902.67",
        "content-type": "application/json",
        "origin": "http://localhost:3000",
        "sec-fetch-site": "same-site",
        "sec-fetch-mode": "cors",
        "sec-fetch-dest": "empty",
        "referer": "http://localhost:3000/",
        "accept-encoding": "gzip, deflate, br",
        "accept-language": "en-US,en;q=0.9"
      },
      "body": {
        "name": "Patched Resource"
      }
    },
    "response": {
      "status": 200,
      "headers": {
        "x-powered-by": "Express",
        "access-control-allow-origin": "*",
        "content-type": "application/json; charset=utf-8"
      },
      "body": "{\"message\":\"Resource updated (PATCH)\",\"resource\":{\"id\":1,\"name\":\"Patched Resource\"}}",
      "timestamp_end": 1744287878.539
    }
  },
  {
    "request": {
      "method": "PATCH",
      "url": "/api/resource",
      "timestamp_start": 1744287878.739,
      "headers": {
        "host": "localhost:5000",
        "connection": "keep-alive",
        "content-length": "27",
        "sec-ch-ua": "\"Chromium\";v=\"92\", \" Not A;Brand\";v=\"99\", \"Microsoft Edge\";v=\"92\"",
        "accept": "application/json, text/plain, */*",
        "sec-ch-ua-mobile": "?0",
        "user-agent": "Mozilla/5.0 (Windows NT 10.0; Win64; x64) AppleWebKit/537.36 (KHTML, like Gecko) Chrome/92.0.4515.131 Safari/537.36 Edg/92.0.902.67",
        "content-type": "application/json",
        "origin": "http://localhost:3000",
        "sec-fetch-site": "same-site",
        "sec-fetch-mode": "cors",
        "sec-fetch-dest": "empty",
        "referer": "http://localhost:3000/",
        "accept-encoding": "gzip, deflate, br",
        "accept-language": "en-US,en;q=0.9"
      },
      "body": {
        "name": "Patched Resource"
      }
    },
    "response": {
      "status": 200,
      "headers": {
        "x-powered-by": "Express",
        "access-control-allow-origin": "*",
        "content-type": "application/json; charset=utf-8"
      },
      "body": "{\"message\":\"Resource updated (PATCH)\",\"resource\":{\"id\":1,\"name\":\"Patched Resource\"}}",
      "timestamp_end": 1744287878.739
    }
  },
  {
    "request": {
      "method": "PUT",
      "url": "/api/resource",
      "timestamp_start": 1744287879.083,
      "headers": {
        "host": "localhost:5000",
        "connection": "keep-alive",
        "content-length": "40",
        "sec-ch-ua": "\"Chromium\";v=\"92\", \" Not A;Brand\";v=\"99\", \"Microsoft Edge\";v=\"92\"",
        "accept": "application/json, text/plain, */*",
        "sec-ch-ua-mobile": "?0",
        "user-agent": "Mozilla/5.0 (Windows NT 10.0; Win64; x64) AppleWebKit/537.36 (KHTML, like Gecko) Chrome/92.0.4515.131 Safari/537.36 Edg/92.0.902.67",
        "content-type": "application/json",
        "origin": "http://localhost:3000",
        "sec-fetch-site": "same-site",
        "sec-fetch-mode": "cors",
        "sec-fetch-dest": "empty",
        "referer": "http://localhost:3000/",
        "accept-encoding": "gzip, deflate, br",
        "accept-language": "en-US,en;q=0.9"
      },
      "body": {
        "id": 1,
        "name": "Updated Resource (PUT)"
      }
    },
    "response": {
      "status": 200,
      "headers": {
        "x-powered-by": "Express",
        "access-control-allow-origin": "*",
        "content-type": "application/json; charset=utf-8"
      },
      "body": "{\"message\":\"Resource updated (PUT)\",\"resource\":{\"id\":1,\"name\":\"Updated Resource (PUT)\"}}",
      "timestamp_end": 1744287879.083
    }
  },
  {
    "request": {
      "method": "POST",
      "url": "/api/resource",
      "timestamp_start": 1744287879.435,
      "headers": {
        "host": "localhost:5000",
        "connection": "keep-alive",
        "content-length": "23",
        "sec-ch-ua": "\"Chromium\";v=\"92\", \" Not A;Brand\";v=\"99\", \"Microsoft Edge\";v=\"92\"",
        "accept": "application/json, text/plain, */*",
        "sec-ch-ua-mobile": "?0",
        "user-agent": "Mozilla/5.0 (Windows NT 10.0; Win64; x64) AppleWebKit/537.36 (KHTML, like Gecko) Chrome/92.0.4515.131 Safari/537.36 Edg/92.0.902.67",
        "content-type": "application/json",
        "origin": "http://localhost:3000",
        "sec-fetch-site": "same-site",
        "sec-fetch-mode": "cors",
        "sec-fetch-dest": "empty",
        "referer": "http://localhost:3000/",
        "accept-encoding": "gzip, deflate, br",
        "accept-language": "en-US,en;q=0.9"
      },
      "body": {
        "name": "New Resource"
      }
    },
    "response": {
      "status": 201,
      "headers": {
        "x-powered-by": "Express",
        "access-control-allow-origin": "*",
        "content-type": "application/json; charset=utf-8"
      },
      "body": "{\"message\":\"Resource created\",\"resource\":{\"id\":1,\"name\":\"New Resource\"}}",
      "timestamp_end": 1744287879.435
    }
  },
  {
    "request": {
      "method": "GET",
      "url": "/api/resource",
      "timestamp_start": 1744287879.843,
      "headers": {
        "host": "localhost:5000",
        "connection": "keep-alive",
        "sec-ch-ua": "\"Chromium\";v=\"92\", \" Not A;Brand\";v=\"99\", \"Microsoft Edge\";v=\"92\"",
        "accept": "application/json, text/plain, */*",
        "sec-ch-ua-mobile": "?0",
        "user-agent": "Mozilla/5.0 (Windows NT 10.0; Win64; x64) AppleWebKit/537.36 (KHTML, like Gecko) Chrome/92.0.4515.131 Safari/537.36 Edg/92.0.902.67",
        "origin": "http://localhost:3000",
        "sec-fetch-site": "same-site",
        "sec-fetch-mode": "cors",
        "sec-fetch-dest": "empty",
        "referer": "http://localhost:3000/",
        "accept-encoding": "gzip, deflate, br",
        "accept-language": "en-US,en;q=0.9"
      },
      "body": {}
    },
    "response": {
      "status": 200,
      "headers": {
        "x-powered-by": "Express",
        "access-control-allow-origin": "*",
        "content-type": "application/json; charset=utf-8"
      },
      "body": "{\"id\":1,\"name\":\"New Resource\"}",
      "timestamp_end": 1744287879.843
    }
  },
  {
    "request": {
      "method": "DELETE",
      "url": "/api/resource",
      "timestamp_start": 1744287880.604,
      "headers": {
        "host": "localhost:5000",
        "connection": "keep-alive",
        "sec-ch-ua": "\"Chromium\";v=\"92\", \" Not A;Brand\";v=\"99\", \"Microsoft Edge\";v=\"92\"",
        "accept": "application/json, text/plain, */*",
        "sec-ch-ua-mobile": "?0",
        "user-agent": "Mozilla/5.0 (Windows NT 10.0; Win64; x64) AppleWebKit/537.36 (KHTML, like Gecko) Chrome/92.0.4515.131 Safari/537.36 Edg/92.0.902.67",
        "origin": "http://localhost:3000",
        "sec-fetch-site": "same-site",
        "sec-fetch-mode": "cors",
        "sec-fetch-dest": "empty",
        "referer": "http://localhost:3000/",
        "accept-encoding": "gzip, deflate, br",
        "accept-language": "en-US,en;q=0.9"
      },
      "body": {}
    },
    "response": {
      "status": 200,
      "headers": {
        "x-powered-by": "Express",
        "access-control-allow-origin": "*",
        "content-type": "application/json; charset=utf-8"
      },
      "body": "{\"message\":\"Resource deleted\"}",
      "timestamp_end": 1744287880.604
    }
  }
]